{"<pad>": 0, "<unk>": 1, "YOU:": 2, "THEM:": 3, "<s>": 4, "<d>": 5, "<eos>": 6, "</d>": 7, ".": 8, "you": 9, "i": 10, "the": 11, "?": 12, ",": 13, "a": 14, "is": 15, "to": 16, "for": 17, "[value_count]": 18, "and": 19, "in": 20, "that": 21, "would": 22, "have": 23, "can": 24, "like": 25, "there": 26, "need": 27, "are": 28, "number": 29, "[value_area]": 30, "of": 31, "at": 32, "[value_time]": 33, "it": 34, "your": 35, "me": 36, "!": 37, "[value_place]": 38, "am": 39, "on": 40, "help": 41, "do": 42, "please": 43, "be": 44, "book": 45, "thank": 46, "with": 47, "[value_pricerange]": 48, "[value_day]": 49, "restaurant": 50, "what": 51, "will": 52, "yes": 53, "else": 54, "anything": 55, "looking": 56, "[restaurant_name]": 57, "reference": 58, "train": 59, "no": 60, "hotel": 61, "all": 62, "[value_food]": 63, "day": 64, "-s": 65, "price": 66, "town": 67, "s": 68, "great": 69, "[hotel_name]": 70, "phone": 71, "time": 72, "from": 73, "not": 74, "area": 75, "free": 76, "also": 77, "range": 78, "people": 79, "place": 80, "thanks": 81, "address": 82, "[attraction_name]": 83, "any": 84, "food": 85, "by": 86, "postcode": 87, "was": 88, "how": 89, "today": 90, "goodbye": 91, "booking": 92, "or": 93, "stay": 94, "about": 95, "find": 96, "want": 97, "get": 98, "located": 99, "their": 100, "parking": 101, "leave": 102, "could": 103, "sure": 104, "star": 105, "table": 106, "booked": 107, "[train_id]": 108, "type": 109, "arrive": 110, "welcome": 111, "information": 112, "if": 113, "reservation": 114, "nights": 115, "an": 116, "okay": 117, "we": 118, "taxi": 119, "guesthouse": 120, "but": 121, "as": 122, "just": 123, "go": 124, "fee": 125, "leaving": 126, "does": 127, "try": 128, "sorry": 129, "they": 130, "many": 131, "so": 132, "should": 133, "wifi": 134, "where": 135, "good": 136, "recommend": 137, "priced": 138, "part": 139, "has": 140, "contact": 141, "after": 142, "much": 143, "successful": 144, "[hotel_reference]": 145, "[value_price]": 146, "this": 147, "-ly": 148, "give": 149, "entrance": 150, "[restaurant_reference]": 151, "know": 152, "travel": 153, "leaves": 154, "make": 155, "starting": 156, "prefer": 157, "ok": 158, "which": 159, "more": 160, "available": 161, "[train_reference]": 162, "[restaurant_address]": 163, "same": 164, "something": 165, "my": 166, "departing": 167, "sounds": 168, "preference": 169, "minutes": 170, "attraction": 171, "arrives": 172, "serves": 173, "nice": 174, "very": 175, "enjoy": 176, "some": 177, "[attraction_address]": 178, "[taxi_type]": 179, "room": 180, "trains": 181, "[taxi_phone]": 182, "going": 183, "different": 184, "i'll": 185, "tell": 186, "may": 187, "another": 188, "tickets": 189, "stars": 190, "[attraction_phone]": 191, "needed": 192, "work": 193, "options": 194, "[restaurant_phone]": 195, "now": 196, "well": 197, "station": 198, "side": 199, "criteria": 200, "assist": 201, "internet": 202, "museum": 203, "us": 204, "pounds": 205, "using": 206, "them": 207, "[restaurant_postcode]": 208, "let": 209, "particular": 210, "other": 211, "[hotel_address]": 212, "trip": 213, "up": 214, "rating": 215, "called": 216, "city": 217, "visit": 218, "total": 219, "able": 220, "departure": 221, "ticket": 222, "arriving": 223, "gbp": 224, "our": 225, "guesthouses": 226, "fine": 227, "actually": 228, "interested": 229, "[attraction_postcode]": 230, "center": 231, "reserved": 232, "been": 233, "those": 234, "depart": 235, "destination": 236, "car": 237, "think": 238, "code": 239, "when": 240, "mind": 241, "take": 242, "hi": 243, "found": 244, "several": 245, "attractions": 246, "specific": 247, "really": 248, "care": 249, "location": 250, "payable": 251, "bye": 252, "look": 253, "needs": 254, "too": 255, "traveling": 256, "everything": 257, "matter": 258, "provide": 259, "cuisine": 260, "wonderful": 261, "[hotel_postcode]": 262, "then": 263, "include": 264, "arrival": 265, "both": 266, "college": 267, "[hotel_phone]": 268, "happy": 269, "towninfo": 270, "suggest": 271, "did": 272, "id": 273, "eat": 274, "glad": 275, "pick": 276, "post": 277, "perfect": 278, "serve": 279, "check": 280, "again": 281, "long": 282, "info": 283, "assistance": 284, "set": 285, "service": 286, "further": 287, "museums": 288, "staying": 289, "hello": 290, "unfortunately": 291, "see": 292, "reserve": 293, "call": 294, "instead": 295, "certain": 296, "meet": 297, "first": 298, "choose": 299, "night": 300, "down": 301, "dine": 302, "out": 303, "hope": 304, "entertainment": 305, "narrow": 306, "certainly": 307, "between": 308, "cost": 309, "departs": 310, "only": 311, "right": 312, "person": 313, "either": 314, "contacting": 315, "alright": 316, "here": 317, "its": 318, "course": 319, "colleges": 320, "offer": 321, "search": 322, "park": 323, "hospital": 324, "system": 325, "problem": 326, "reservations": 327, "were": 328, "got": 329, "serving": 330, "fit": 331, "thing": 332, "quite": 333, "before": 334, "shall": 335, "kind": 336, "few": 337, "days": 338, "finding": 339, "house": 340, "name": 341, "guest": 342, "match": 343, "architecture": 344, "pleasure": 345, "admission": 346, "oh": 347, "calling": 348, "these": 349, "preferences": 350, "request": 351, "party": 352, "[hospital_name]": 353, "though": 354, "perhaps": 355, "possible": 356, "made": 357, "[hospital_address]": 358, "matching": 359, "near": 360, "sound": 361, "hour": 362, "planning": 363, "police": 364, "meets": 365, "best": 366, "absolutely": 367, "requirement": 368, "maybe": 369, "choices": 370, "[police_address]": 371, "[hospital_phone]": 372, "results": 373, "somewhere": 374, "into": 375, "offers": 376, "nope": 377, "[hospital_postcode]": 378, "might": 379, "completed": 380, "listed": 381, "cannot": 382, "lot": 383, "pool": 384, "favorite": 385, "love": 386, "most": 387, "services": 388, "later": 389, "than": 390, "nothing": 391, "helpful": 392, "swimming": 393, "excellent": 394, "sports": 395, "[police_phone]": 396, "nightclub": 397, "while": 398, "lovely": 399, "still": 400, "telephone": 401, "back": 402, "rated": 403, "seat": 404, "send": 405, "needing": 406, "yeah": 407, "yet": 408, "per": 409, "you've": 410, "department": 411, "heading": 412, "coming": 413, "unsuccessful": 414, "[police_postcode]": 415, "ahead": 416, "matches": 417, "unable": 418, "closest": 419, "postal": 420, "seats": 421, "picked": 422, "multiple": 423, "every": 424, "group": 425, "fun": 426, "questions": 427, "boat": 428, "theatre": 429, "choice": 430, "change": 431, "around": 432, "confirm": 433, "wanting": 434, "appreciate": 435, "trying": 436, "commute": 437, "ride": 438, "fits": 439, "definitely": 440, "recommendation": 441, "looks": 442, "close": 443, "[police_name]": 444, "[attraction_reference]": 445, "preferred": 446, "apologize": 447, "option": 448, "[hospital_department]": 449, "local": 450, "road": 451, "earliest": 452, "cinema": 453, "shorter": 454, "costs": 455, "end": 456, "thats": 457, "rooms": 458, "none": 459, "suggestions": 460, "awesome": 461, "over": 462, "earlier": 463, "reach": 464, "interesting": 465, "parks": 466, "open": 467, "nightclubs": 468, "interest": 469, "venue": 470, "myself": 471, "street": 472, "successfully": 473, "such": 474, "things": 475, "better": 476, "start": 477, "works": 478, "site": 479, "anytime": 480, "hoping": 481, "acorn": 482, "travelling": 483, "wanted": 484, "little": 485, "dining": 486, "confirmation": 487, "visiting": 488, "meal": 489, "goes": 490, "next": 491, "date": 492, "#": 493, "correct": 494, "times": 495, "duration": 496, "done": 497, "suit": 498, "additional": 499, "beginning": 500, "description": 501, "headed": 502, "nearby": 503, "fantastic": 504, "american": 505, "pools": 506, "nearest": 507, "feel": 508, "complete": 509, "afraid": 510, "preferably": 511, "ones": 512, "availability": 513, "future": 514, "picking": 515, "rest": 516, "evening": 517, "that'll": 518, "enter": 519, "guess": 520, "pay": 521, "popular": 522, "hold": 523, "however": 524, "reached": 525, "we'll": 526, "ready": 527, "show": 528, "lets": 529, "showing": 530, "moment": 531, "helping": 532, "way": 533, "guests": 534, "fees": 535, "lots": 536, "dinner": 537, "once": 538, "heard": 539, "bit": 540, "details": 541, "&": 542, "meeting": 543, "wait": 544, "list": 545, "milton": 546, "listings": 547, "im": 548, "types": 549, "specification": 550, "takes": 551, "lodging": 552, "locate": 553, "theatres": 554, "use": 555, "wish": 556, "come": 557, "getting": 558, "cherry": 559, "gets": 560, "others": 561, "sometime": 562, "last": 563, "inexpensive": 564, "hinton": 565, "say": 566, "seems": 567, "schedule": 568, "hear": 569, "london": 570, "point": 571, "necessary": 572, "rather": 573, "new": 574, "boating": 575, "believe": 576, "early": 577, "entries": 578, "fen": 579, "require": 580, "houses": 581, "hmm": 582, "whatever": 583, "important": 584, "lodge": 585, "hesitate": 586, "named": 587, "morning": 588, "said": 589, "choosing": 590, "recommendations": 591, "plenty": 592, "must": 593, "church": 594, "-er": 595, "mentioned": 596, "each": 597, "asian": 598, "minute": 599, "had": 600, "least": 601, "thinking": 602, "already": 603, "pm": 604, "accommodate": 605, "slot": 606, "st": 607, "checking": 608, "b": 609, "case": 610, "suggestion": 611, "including": 612, "listing": 613, "whether": 614, "confirmed": 615, "confusion": 616, "gonville": 617, "hall": 618, "plan": 619, "pricing": 620, "kings": 621, "entry": 622, "ditton": 623, "accommodations": 624, "we're": 625, "cool": 626, "concert": 627, "breakfast": 628, "route": 629, "dont": 630, "sort": 631, "off": 632, "within": 633, "numbers": 634, "full": 635, "requested": 636, "ref": 637, "churches": 638, "someplace": 639, "boats": 640, "soon": 641, "consider": 642, "bed": 643, "forward": 644, "latest": 645, "injured": 646, "possibly": 647, "hey": 648, "happen": 649, "forgot": 650, "luck": 651, "included": 652, "highly": 653, "art": 654, "keep": 655, "amenities": 656, "accident": 657, "wondering": 658, "week": 659, "seem": 660, "tonight": 661, "chesterton": 662, "run": 663, "driver": 664, "length": 665, "charge": 666, "specifically": 667, "indeed": 668, "afternoon": 669, "gallery": 670, "told": 671, "fitting": 672, "pleasant": 673, "exactly": 674, "always": 675, "austrian": 676, "requests": 677, "clarify": 678, "liverpool": 679, "pizza": 680, "beautiful": 681, "why": 682, "tourist": 683, "unavailable": 684, "since": 685, "until": 686, "during": 687, "we'd": 688, "king": 689, "desk": 690, "style": 691, "whichever": 692, "theater": 693, "being": 694, "robbed": 695, "concerthall": 696, "cinemas": 697, "pretty": 698, "fi": 699, "airport": 700, "far": 701, "head": 702, "enough": 703, "saint": 704, "wi": 705, "letting": 706, "high": 707, "held": 708, "order": 709, "passage": 710, "second": 711, "aylesbray": 712, "fare": 713, "making": 714, "specify": 715, "seeing": 716, "general": 717, "cross": 718, "error": 719, "trainid": 720, "it'll": 721, "cab": 722, "allowing": 723, "regarding": 724, "helped": 725, "marriott": 726, "apologies": 727, "picky": 728, "met": 729, "begin": 730, "double": 731, "jamaican": 732, "green": 733, "modern": 734, "offering": 735, "safe": 736, "without": 737, "zero": 738, "remember": 739, "surprise": 740, "club": 741, "through": 742, "alexander": 743, "mean": 744, "ever": 745, "news": 746, "excited": 747, "running": 748, "purchase": 749, "recommended": 750, "[value_count],[value_count]": 751, "northern": 752, "budget": 753, "vegetarian": 754, "tables": 755, "interests": 756, "bar": 757, "arrange": 758, "exact": 759, "directions": 760, "expecting": 761, "acceptable": 762, "anymore": 763, "he": 764, "appears": 765, "amazing": 766, "because": 767, "having": 768, "success": 769, "taking": 770, "searching": 771, "couple": 772, "never": 773, "willing": 774, "malaysian": 775, "architectural": 776, "access": 777, "danish": 778, "business": 779, "money": 780, "currently": 781, "ranging": 782, "verify": 783, "thought": 784, "reviews": 785, "huntington": 786, "cafe": 787, "variety": 788, "meant": 789, "mood": 790, "section": 791, "bridge": 792, "dates": 793, "amount": 794, "late": 795, "records": 796, "holiday": 797, "idea": 798, "swiss": 799, "lodgings": 800, "wife": 801, "hut": 802, "checked": 803, "category": 804, "sir": 805, "cuban": 806, "frame": 807, "swimmingpool": 808, "german": 809, "irish": 810, "tr[value_count]": 811, "adress": 812, "caribbean": 813, "personally": 814, "journey": 815, "database": 816, "pound": 817, "asked": 818, "kosher": 819, "restate": 820, "bet": 821, "persian": 822, "greek": 823, "dispute": 824, "friend": 825, "even": 826, "alone": 827, "inn": 828, "assisting": 829, "query": 830, "um": 831, "suppose": 832, "establishment": 833, "swedish": 834, "taken": 835, "main": 836, "theaters": 837, "county": 838, "bistro": 839, "confused": 840, "addresses": 841, "australian": 842, "christmas": 843, "given": 844, "rosa": 845, "catch": 846, "archaeology": 847, "spot": 848, "stations": 849, "desired": 850, "mention": 851, "changed": 852, "along": 853, "chance": 854, "haven't": 855, "issue": 856, "put": 857, "transportation": 858, "flexible": 859, "russian": 860, "school": 861, "select": 862, "worked": 863, "finches": 864, "under": 865, "went": 866, "eating": 867, "bookings": 868, "fact": 869, "venetian": 870, "upscale": 871, "arbury": 872, "indonesian": 873, "upcoming": 874, "bunch": 875, "shorten": 876, "experience": 877, "cantonese": 878, "mid": 879, "eastern": 880, "scottish": 881, "sri": 882, "unusual": 883, "narrows": 884, "yourself": 885, "almost": 886, "etc": 887, "m": 888, "grafton": 889, "someone": 890, "closer": 891, "polish": 892, "suitable": 893, "ill": 894, "chose": 895, "lankan": 896, "answered": 897, "considered": 898, "huntingdon": 899, "tr": 900, "bishops": 901, "comes": 902, "fusion": 903, "they'll": 904, "expect": 905, "mistake": 906, "tuscan": 907, "due": 908, "travels": 909, "gardens": 910, "understand": 911, "sites": 912, "ref#": 913, "weekend": 914, "covers": 915, "nah": 916, "spend": 917, "express": 918, "particularly": 919, "probably": 920, "moroccan": 921, "hungarian": 922, "ah": 923, "crossover": 924, "neither": 925, "personal": 926, "catalan": 927, "wow": 928, "bad": 929, "based": 930, "trouble": 931, "buy": 932, "newnham": 933, "traditional": 934, "bill": 935, "uno": 936, "corsica": 937, "concerned": 938, "covered": 939, "names": 940, "paid": 941, "mill": 942, "anthropology": 943, "fancy": 944, "hobson": 945, "direct": 946, "departures": 947, "alpha": 948, "working": 949, "welsh": 950, "de": 951, "lane": 952, "worth": 953, "curry": 954, "gave": 955, "old": 956, "decide": 957, "special": 958, "object": 959, "hourly": 960, "own": 961, "directly": 962, "belfry": 963, "staring": 964, "less": 965, "postcodes": 966, "provided": 967, "wouldn't": 968, "friends": 969, "pricey": 970, "english": 971, "alot": 972, "polynesian": 973, "doing": 974, "afghan": 975, "unit": 976, "question": 977, "actual": 978, "terrific": 979, "plough": 980, "westside": 981, "accommodation": 982, "family": 983, "provides": 984, "unknown": 985, "specifics": 986, "craving": 987, "creative": 988, "forget": 989, "familiar": 990, "latin": 991, "abbey": 992, "wrong": 993, "andrews": 994, "cheapest": 995, "lunch": 996, "scheduled": 997, "riding": 998, "scandinavian": 999, "throughout": 1000, "asking": 1001, "starts": 1002, "company": 1003}