{"<pad>": 0, "<unk>": 1, "YOU:": 2, "THEM:": 3, "<s>": 4, "<d>": 5, "<eos>": 6, "</d>": 7, ".": 8, "you": 9, "i": 10, "the": 11, "?": 12, ",": 13, "a": 14, "is": 15, "to": 16, "for": 17, "[value_count]": 18, "and": 19, "in": 20, "that": 21, "would": 22, "have": 23, "can": 24, "like": 25, "there": 26, "need": 27, "are": 28, "number": 29, "[value_area]": 30, "of": 31, "at": 32, "[value_time]": 33, "it": 34, "your": 35, "me": 36, "!": 37, "[value_place]": 38, "am": 39, "on": 40, "help": 41, "do": 42, "please": 43, "be": 44, "book": 45, "thank": 46, "with": 47, "[value_pricerange]": 48, "[value_day]": 49, "restaurant": 50, "what": 51, "will": 52, "yes": 53, "else": 54, "anything": 55, "looking": 56, "[restaurant_name]": 57, "reference": 58, "train": 59, "no": 60, "hotel": 61, "all": 62, "[value_food]": 63, "day": 64, "-s": 65, "price": 66, "town": 67, "s": 68, "great": 69, "[hotel_name]": 70, "phone": 71, "time": 72, "from": 73, "not": 74, "area": 75, "free": 76, "also": 77, "range": 78, "people": 79, "place": 80, "thanks": 81, "address": 82, "[attraction_name]": 83, "any": 84, "food": 85, "by": 86, "postcode": 87, "was": 88, "how": 89, "today": 90, "goodbye": 91, "booking": 92, "or": 93, "stay": 94, "about": 95, "find": 96, "want": 97, "get": 98, "located": 99, "their": 100, "parking": 101, "leave": 102, "could": 103, "sure": 104, "star": 105, "table": 106, "booked": 107, "[train_id]": 108, "type": 109, "arrive": 110, "welcome": 111, "information": 112, "if": 113, "reservation": 114, "nights": 115, "an": 116, "okay": 117, "we": 118, "taxi": 119, "guesthouse": 120, "but": 121, "as": 122, "just": 123, "go": 124, "fee": 125, "leaving": 126, "does": 127, "try": 128, "sorry": 129, "they": 130, "many": 131, "so": 132, "should": 133, "wifi": 134, "where": 135, "good": 136, "recommend": 137, "priced": 138, "part": 139, "has": 140, "contact": 141, "after": 142, "much": 143, "successful": 144, "[hotel_reference]": 145, "[value_price]": 146, "this": 147, "-ly": 148, "give": 149, "entrance": 150, "[restaurant_reference]": 151, "know": 152, "travel": 153, "leaves": 154, "make": 155, "starting": 156, "prefer": 157, "ok": 158, "which": 159, "more": 160, "available": 161, "[train_reference]": 162, "[restaurant_address]": 163, "same": 164, "something": 165, "my": 166, "departing": 167, "sounds": 168, "preference": 169, "minutes": 170, "attraction": 171, "arrives": 172, "serves": 173, "nice": 174, "very": 175, "enjoy": 176, "some": 177, "[taxi_type]": 178, "[attraction_address]": 179, "room": 180, "trains": 181, "[taxi_phone]": 182, "going": 183, "different": 184, "i'll": 185, "tell": 186, "may": 187, "another": 188, "tickets": 189, "stars": 190, "[attraction_phone]": 191, "needed": 192, "work": 193, "options": 194, "[restaurant_phone]": 195, "now": 196, "well": 197, "station": 198, "side": 199, "criteria": 200, "assist": 201, "museum": 202, "internet": 203, "us": 204, "pounds": 205, "using": 206, "them": 207, "[restaurant_postcode]": 208, "let": 209, "particular": 210, "other": 211, "[hotel_address]": 212, "trip": 213, "up": 214, "rating": 215, "called": 216, "city": 217, "visit": 218, "total": 219, "able": 220, "departure": 221, "ticket": 222, "arriving": 223, "gbp": 224, "our": 225, "guesthouses": 226, "fine": 227, "actually": 228, "interested": 229, "[attraction_postcode]": 230, "center": 231, "reserved": 232, "been": 233, "those": 234, "depart": 235, "destination": 236, "car": 237, "think": 238, "code": 239, "when": 240, "mind": 241, "take": 242, "hi": 243, "found": 244, "several": 245, "attractions": 246, "specific": 247, "really": 248, "care": 249, "location": 250, "payable": 251, "bye": 252, "look": 253, "needs": 254, "too": 255, "traveling": 256, "everything": 257, "matter": 258, "provide": 259, "cuisine": 260, "wonderful": 261, "[hotel_postcode]": 262, "then": 263, "include": 264, "arrival": 265, "both": 266, "college": 267, "[hotel_phone]": 268, "happy": 269, "towninfo": 270, "suggest": 271, "did": 272, "id": 273, "eat": 274, "glad": 275, "pick": 276, "post": 277, "perfect": 278, "serve": 279, "check": 280, "again": 281, "long": 282, "info": 283, "assistance": 284, "set": 285, "service": 286, "further": 287, "museums": 288, "staying": 289, "hello": 290, "unfortunately": 291, "see": 292, "reserve": 293, "call": 294, "instead": 295, "certain": 296, "meet": 297, "first": 298, "choose": 299, "night": 300, "down": 301, "dine": 302, "out": 303, "hope": 304, "entertainment": 305, "narrow": 306, "certainly": 307, "between": 308, "cost": 309, "departs": 310, "only": 311, "right": 312, "person": 313, "either": 314, "contacting": 315, "alright": 316, "here": 317, "its": 318, "course": 319, "colleges": 320, "offer": 321, "search": 322, "park": 323, "hospital": 324, "system": 325, "problem": 326, "reservations": 327, "were": 328, "got": 329, "serving": 330, "fit": 331, "thing": 332, "quite": 333, "before": 334, "shall": 335, "kind": 336, "few": 337, "days": 338, "house": 339, "finding": 340, "guest": 341, "name": 342, "architecture": 343, "match": 344, "pleasure": 345, "admission": 346, "oh": 347, "calling": 348, "preferences": 349, "these": 350, "request": 351, "party": 352, "[hospital_name]": 353, "though": 354, "perhaps": 355, "possible": 356, "made": 357, "[hospital_address]": 358, "matching": 359, "near": 360, "sound": 361, "hour": 362, "planning": 363, "police": 364, "meets": 365, "best": 366, "absolutely": 367, "requirement": 368, "maybe": 369, "choices": 370, "[police_address]": 371, "[hospital_phone]": 372, "results": 373, "somewhere": 374, "into": 375, "offers": 376, "nope": 377, "[hospital_postcode]": 378, "might": 379, "completed": 380, "pool": 381, "listed": 382, "cannot": 383, "lot": 384, "favorite": 385, "love": 386, "most": 387, "services": 388, "later": 389, "than": 390, "nothing": 391, "helpful": 392, "excellent": 393, "sports": 394, "swimming": 395, "[police_phone]": 396, "nightclub": 397, "while": 398, "lovely": 399, "still": 400, "telephone": 401, "back": 402, "rated": 403, "seat": 404, "needing": 405, "send": 406, "yeah": 407, "yet": 408, "per": 409, "you've": 410, "department": 411, "heading": 412, "coming": 413, "unsuccessful": 414, "[police_postcode]": 415, "ahead": 416, "matches": 417, "unable": 418, "closest": 419, "postal": 420, "seats": 421, "picked": 422, "multiple": 423, "every": 424, "group": 425, "fun": 426, "questions": 427, "boat": 428, "theatre": 429, "choice": 430, "change": 431, "around": 432, "confirm": 433, "appreciate": 434, "wanting": 435, "trying": 436, "commute": 437, "ride": 438, "fits": 439, "definitely": 440, "recommendation": 441, "looks": 442, "close": 443, "[police_name]": 444, "[attraction_reference]": 445, "preferred": 446, "apologize": 447, "option": 448, "[hospital_department]": 449, "road": 450, "local": 451, "earliest": 452, "cinema": 453, "shorter": 454, "end": 455, "costs": 456, "thats": 457, "rooms": 458, "none": 459, "suggestions": 460, "awesome": 461, "over": 462, "earlier": 463, "reach": 464, "interesting": 465, "parks": 466, "open": 467, "nightclubs": 468, "interest": 469, "street": 470, "venue": 471, "myself": 472, "successfully": 473, "such": 474, "things": 475, "better": 476, "start": 477, "works": 478, "site": 479, "anytime": 480, "hoping": 481, "acorn": 482, "travelling": 483, "wanted": 484, "little": 485, "dining": 486, "confirmation": 487, "visiting": 488, "meal": 489, "goes": 490, "next": 491, "date": 492, "#": 493, "correct": 494, "times": 495, "duration": 496, "done": 497, "suit": 498, "additional": 499, "beginning": 500, "description": 501, "headed": 502, "fantastic": 503, "nearby": 504, "american": 505, "pools": 506, "nearest": 507, "feel": 508, "complete": 509, "preferably": 510, "afraid": 511, "ones": 512, "availability": 513, "future": 514, "picking": 515, "rest": 516, "evening": 517, "that'll": 518, "enter": 519, "guess": 520, "pay": 521, "popular": 522, "hold": 523, "however": 524, "reached": 525, "we'll": 526, "ready": 527, "show": 528, "lets": 529, "showing": 530, "moment": 531, "helping": 532, "way": 533, "guests": 534, "fees": 535, "lots": 536, "dinner": 537, "once": 538, "bit": 539, "heard": 540, "details": 541, "&": 542, "meeting": 543, "wait": 544, "list": 545, "milton": 546, "listings": 547, "im": 548, "types": 549, "specification": 550, "takes": 551, "lodging": 552, "locate": 553, "theatres": 554, "use": 555, "wish": 556, "come": 557, "getting": 558, "cherry": 559, "gets": 560, "others": 561, "sometime": 562, "last": 563, "inexpensive": 564, "hinton": 565, "say": 566, "london": 567, "seems": 568, "schedule": 569, "hear": 570, "new": 571, "point": 572, "necessary": 573, "rather": 574, "lodge": 575, "boating": 576, "believe": 577, "early": 578, "entries": 579, "fen": 580, "require": 581, "houses": 582, "hmm": 583, "important": 584, "whatever": 585, "hesitate": 586, "named": 587, "morning": 588, "said": 589, "choosing": 590, "recommendations": 591, "plenty": 592, "must": 593, "church": 594, "-er": 595, "each": 596, "asian": 597, "minute": 598, "had": 599, "mentioned": 600, "least": 601, "thinking": 602, "pm": 603, "already": 604, "accommodate": 605, "slot": 606, "st": 607, "checking": 608, "b": 609, "case": 610, "suggestion": 611, "including": 612, "listing": 613, "whether": 614, "confirmed": 615, "hall": 616, "confusion": 617, "gonville": 618, "plan": 619, "pricing": 620, "entry": 621, "ditton": 622, "accommodations": 623, "we're": 624, "cool": 625, "concert": 626, "breakfast": 627, "route": 628, "sort": 629, "dont": 630, "off": 631, "within": 632, "kings": 633, "numbers": 634, "bed": 635, "full": 636, "requested": 637, "ref": 638, "churches": 639, "someplace": 640, "boats": 641, "soon": 642, "consider": 643, "forward": 644, "latest": 645, "injured": 646, "possibly": 647, "hey": 648, "happen": 649, "forgot": 650, "luck": 651, "theater": 652, "included": 653, "highly": 654, "art": 655, "keep": 656, "king": 657, "amenities": 658, "accident": 659, "wondering": 660, "week": 661, "seem": 662, "tonight": 663, "chesterton": 664, "run": 665, "length": 666, "charge": 667, "driver": 668, "specifically": 669, "liverpool": 670, "indeed": 671, "told": 672, "afternoon": 673, "fitting": 674, "gallery": 675, "exactly": 676, "always": 677, "austrian": 678, "requests": 679, "pleasant": 680, "clarify": 681, "pizza": 682, "beautiful": 683, "tourist": 684, "unavailable": 685, "why": 686, "since": 687, "until": 688, "during": 689, "we'd": 690, "desk": 691, "style": 692, "whichever": 693, "airport": 694, "being": 695, "robbed": 696, "concerthall": 697, "cinemas": 698, "pretty": 699, "fi": 700, "far": 701, "saint": 702, "wi": 703, "letting": 704, "head": 705, "enough": 706, "high": 707, "held": 708, "order": 709, "passage": 710, "second": 711, "aylesbray": 712, "fare": 713, "making": 714, "specify": 715, "bar": 716, "seeing": 717, "general": 718, "cross": 719, "error": 720, "trainid": 721, "it'll": 722, "cab": 723, "allowing": 724, "regarding": 725, "helped": 726, "marriott": 727, "apologies": 728, "picky": 729, "begin": 730, "met": 731, "green": 732, "double": 733, "jamaican": 734, "modern": 735, "offering": 736, "safe": 737, "without": 738, "surprise": 739, "zero": 740, "remember": 741, "club": 742, "through": 743, "alexander": 744, "mean": 745, "ever": 746, "news": 747, "excited": 748, "purchase": 749, "running": 750, "recommended": 751, "[value_count],[value_count]": 752, "northern": 753, "budget": 754, "vegetarian": 755, "tables": 756, "interests": 757, "exact": 758, "arrange": 759, "directions": 760, "expecting": 761, "acceptable": 762, "anymore": 763, "he": 764, "appears": 765, "amazing": 766, "because": 767, "having": 768, "success": 769, "taking": 770, "searching": 771, "couple": 772, "huntingdon": 773, "never": 774, "willing": 775, "malaysian": 776, "architectural": 777, "access": 778, "danish": 779, "business": 780, "money": 781, "currently": 782, "ranging": 783, "verify": 784, "thought": 785, "reviews": 786, "huntington": 787, "variety": 788, "meant": 789, "mood": 790, "amount": 791, "section": 792, "dates": 793, "bridge": 794, "late": 795, "records": 796, "holiday": 797, "idea": 798, "swiss": 799, "lodgings": 800, "wife": 801, "swimmingpool": 802, "bishops": 803, "checked": 804, "hut": 805, "category": 806, "sir": 807, "cuban": 808, "frame": 809, "german": 810, "irish": 811, "tr[value_count]": 812, "caribbean": 813, "adress": 814, "personally": 815, "database": 816, "pound": 817, "journey": 818, "asked": 819, "kosher": 820, "restate": 821, "bet": 822, "persian": 823, "greek": 824, "dispute": 825, "marriot": 826, "friend": 827, "even": 828, "alone": 829, "inn": 830, "taken": 831, "assisting": 832, "query": 833, "um": 834, "suppose": 835, "establishment": 836, "swedish": 837, "main": 838, "theaters": 839, "county": 840, "bistro": 841, "confused": 842, "addresses": 843, "australian": 844, "christmas": 845, "given": 846, "finches": 847, "rosa": 848, "catch": 849, "archaeology": 850, "spot": 851, "stations": 852, "desired": 853, "put": 854, "changed": 855, "along": 856, "mention": 857, "chance": 858, "haven't": 859, "issue": 860, "arbury": 861, "transportation": 862, "flexible": 863, "russian": 864, "school": 865, "worked": 866, "under": 867, "went": 868, "eating": 869, "bookings": 870, "venetian": 871, "fact": 872, "upscale": 873, "select": 874, "indonesian": 875, "upcoming": 876, "bunch": 877, "shorten": 878, "experience": 879, "cantonese": 880, "eastern": 881, "scottish": 882, "sri": 883, "unusual": 884, "yourself": 885, "almost": 886, "hobson": 887, "etc": 888, "mid": 889, "narrows": 890, "m": 891, "grafton": 892, "someone": 893, "closer": 894, "polish": 895, "suitable": 896, "ill": 897, "chose": 898, "lankan": 899, "answered": 900, "considered": 901, "tr": 902, "comes": 903, "fusion": 904, "they'll": 905, "expect": 906, "mistake": 907, "tuscan": 908, "due": 909, "travels": 910, "gardens": 911, "understand": 912, "sites": 913, "ref#": 914, "weekend": 915, "covers": 916, "nah": 917, "spend": 918, "express": 919, "probably": 920, "moroccan": 921, "hungarian": 922, "particularly": 923, "ah": 924, "crossover": 925, "neither": 926, "personal": 927, "catalan": 928, "wow": 929, "bad": 930, "based": 931, "trouble": 932, "buy": 933, "newnham": 934, "traditional": 935, "bill": 936, "corsica": 937, "concerned": 938, "covered": 939, "paid": 940, "mill": 941, "names": 942, "anthropology": 943, "fancy": 944, "direct": 945, "alpha": 946, "departures": 947, "belfry": 948, "working": 949, "welsh": 950, "de": 951, "lane": 952, "worth": 953, "curry": 954, "gave": 955, "old": 956, "noodle": 957, "decide": 958, "special": 959, "object": 960, "hourly": 961, "own": 962, "directly": 963, "staring": 964, "less": 965, "terrific": 966, "wouldn't": 967, "friends": 968, "pricey": 969, "postcodes": 970, "english": 971, "alot": 972, "question": 973, "doing": 974, "afghan": 975, "unit": 976, "actual": 977, "provided": 978, "plough": 979, "westside": 980, "polynesian": 981, "accommodation": 982, "family": 983, "provides": 984, "unknown": 985, "craving": 986, "creative": 987, "forget": 988, "latin": 989, "familiar": 990, "abbey": 991, "wrong": 992, "cheapest": 993, "lunch": 994, "specifics": 995, "andrews": 996, "scheduled": 997, "scandinavian": 998, "riding": 999, "throughout": 1000, "asking": 1001, "starts": 1002, "company": 1003}