{"<pad>": 0, "<unk>": 1, "YOU:": 2, "THEM:": 3, "<s>": 4, "<d>": 5, "<eos>": 6, "</d>": 7, ".": 8, "the": 9, "is": 10, "you": 11, "?": 12, "i": 13, ",": 14, "in": 15, "of": 16, "and": 17, "name_SLOT": 18, "restaurant": 19, "food": 20, "a": 21, "town": 22, "number": 23, "phone": 24, "thank": 25, "there": 26, "for": 27, "address": 28, "part": 29, "goodbye": 30, "would": 31, "like": 32, "are": 33, "that": 34, "price": 35, "range": 36, "phone_SLOT": 37, "address_SLOT": 38, "what": 39, "can": 40, "their": 41, "food_SLOT": 42, "restaurants": 43, "else": 44, "serves": 45, "do": 46, "have": 47, "no": 48, "good": 49, "located": 50, "anything": 51, "please": 52, "bye": 53, "looking": 54, "at": 55, "help": 56, "!": 57, "cheap": 58, "south": 59, "with": 60, "to": 61, "expensive": 62, "an": 63, "it": 64, "area": 65, "north": 66, "priced": 67, "area_SLOT": 68, "any": 69, "am": 70, "yes": 71, "moderately": 72, "postcode": 73, "east": 74, "about": 75, "'s": 76, "welcome": 77, "type": 78, "me": 79, "pricerange_SLOT": 80, "your": 81, "want": 82, "west": 83, "how": 84, "serving": 85, "'re": 86, "'m": 87, "find": 88, "one": 89, "n't": 90, "or": 91, "on": 92, "care": 93, "they": 94, "serve": 95, "system": 96, "need": 97, "italian": 98, "postcode_SLOT": 99, "information": 100, "moderate": 101, "sorry": 102, "chinese": 103, "using": 104, "side": 105, "be": 106, "all": 107, "something": 108, "not": 109, "two": 110, "day": 111, "which": 112, "indian": 113, "centre": 114, "give": 115, "may": 116, "great": 117, "could": 118, "prefer": 119, "preference": 120, "nice": 121, "thanks": 122, "british": 123, "will": 124, "today": 125, "european": 126, "different": 127, "get": 128, "also": 129, "its": 130, "them": 131, "hello": 132, "our": 133, "enjoy": 134, "cambridge": 135, "more": 136, "found": 137, "other": 138, "but": 139, "does": 140, "try": 141, "another": 142, "location": 143, "portuguese": 144, "french": 145, "thai": 146, "very": 147, "matching": 148, "recommend": 149, "place": 150, "spanish": 151, "international": 152, "'d": 153, "if": 154, "this": 155, "request": 156, "cuisine": 157, "okay": 158, "fine": 159, "turkish": 160, "three": 161, "as": 162, "city": 163, "vietnamese": 164, "available": 165, "much": 166, "code": 167, "several": 168, "korean": 169, "mediterranean": 170, "asian": 171, "meal": 172, "know": 173, "ok": 174, "some": 175, "center": 176, "calling": 177, "sounds": 178, "oriental": 179, "called": 180, "matter": 181, "hi": 182, "post": 183, "search": 184, "further": 185, "interested": 186, "again": 187, "those": 188, "kind": 189, "look": 190, "so": 191, "listed": 192, "both": 193, "caribbean": 194, "tell": 195, "needed": 196, "then": 197, "lebanese": 198, "malaysian": 199, "only": 200, "swedish": 201, "mexican": 202, "five": 203, "options": 204, "where": 205, "specific": 206, "four": 207, "call": 208, "us": 209, "name": 210, "reached": 211, "just": 212, "suggest": 213, "criteria": 214, "gastropub": 215, "ok.": 216, "we": 217, "danish": 218, "well": 219, "really": 220, "particular": 221, "evening": 222, "catalan": 223, "additional": 224, "too": 225, "road": 226, "mind": 227, "choosing": 228, "jamaican": 229, "instead": 230, "christmas": 231, "vegetarian": 232, "japanese": 233, "course": 234, "hungarian": 235, "info": 236, "3": 237, "assist": 238, "street": 239, "assistance": 240, "either": 241, "contact": 242, "results": 243, "lot": 244, "long": 245, "swiss": 246, ":": 247, "quite": 248, "inexpensive": 249, "binh": 250, "corsica": 251, "meeting": 252, "match": 253, "show": 254, "trying": 255, "was": 256, "irish": 257, "choose": 258, "fit": 259, "unfortunately": 260, "certainly": 261, "fusion": 262, "did": 263, "provide": 264, "russian": 265, "perfect": 266, "certain": 267, "think": 268, "places": 269, ";": 270, "golden": 271, "wok": 272, "many": 273, "'ll": 274, "has": 275, "dont": 276, "wonderful": 277, "english": 278, "brazilian": 279, "let": 280, "la": 281, "query": 282, "indonesian": 283, "world": 284, "scandinavian": 285, "nirala": 286, "records": 287, "work": 288, "might": 289, "american": 290, "welsh": 291, "canapes": 292, "narrow": 293, "venues": 294, "cuban": 295, "anywhere": 296, "nope": 297, "moroccan": 298, "thier": 299, "nothing": 300, "everything": 301, "afghan": 302, "matches": 303, "fits": 304, "few": 305, "chesterton": 306, "restraunt": 307, "postal": 308, "21-24": 309, "description": 310, "my": 311, "from": 312, "should": 313, "royal": 314, "spice": 315, "make": 316, "sound": 317, "somewhere": 318, "offer": 319, "persian": 320, "these": 321, "modern": 322, "excellent": 323, "listings": 324, "category": 325, "alimentum": 326, "choices": 327, "down": 328, "eat": 329, "upscale": 330, "types": 331, "see": 332, "ca": 333, "second": 334, "by": 335, "check": 336, "style": 337, "apologize": 338, "problem": 339, "'ve": 340, "restaraunt": 341, "bill": 342, "steakhouse": 343, "direct": 344, "telephone": 345, "preferred": 346, "da": 347, "vinci": 348, "pizzeria": 349, "kosher": 350, "were": 351, "wanted": 352, "ask": 353, "first": 354, "panasian": 355, "requests": 356, "most": 357, "locations": 358, "4": 359, "expand": 360, "meet": 361, "here": 362, "however": 363, "now": 364, "sure": 365, "searching": 366, "end": 367, "stay": 368, "suggestion": 369, "go": 370, "traditional": 371, "5": 372, "preferences": 373, "reach": 374, "austrian": 375, "greek": 376, "service": 377, "unusual": 378, "finding": 379, "2": 380, "change": 381, "basque": 382, "cost": 383, "money": 384, "venue": 385, "served": 386, "tuscan": 387, "choice": 388, "venetian": 389, "questions": 390, "out": 391, "anyone": 392, "option": 393, "inquiry": 394, "correct": 395, "halal": 396, "restauant": 397, "been": 398, "pretty": 399, "pleasure": 400, "than": 401, "meets": 402, "thanh": 403, "anatolia": 404, "-": 405, "areas": 406, "desire": 407, "cote": 408, "german": 409, "possible": 410, "names": 411, "specializes": 412, "romanian": 413, "best": 414, "numbers": 415, "australasian": 416, "ranges": 417, "milton": 418, "believe": 419, "hills": 420, "specification": 421, "frankie": 422, "bennys": 423, "curry": 424, "prince": 425, "downtown": 426, "im": 427, "cantonese": 428, "rated": 429, "tasca": 430, "delicious": 431, "australian": 432, "postcode_SLOT.q": 433, "interest": 434, "use": 435, "6": 436, "appreciate": 437, "near": 438, "night": 439, "scottish": 440, "requested": 441, "andrews": 442, "addresses": 443, "each": 444, "such": 445, "yu": 446, "garden": 447, "tanh": 448, "619": 449, "restaurnt": 450, "nandos": 451, "sir": 452, "oh": 453, "raza": 454, "barbeque": 455, "actually": 456, "saint": 457, "african": 458, "servers": 459, "requirements": 460, "showing": 461, "preferably": 462, "polish": 463, "pizza": 464, "hut": 465, "hotel": 466, "selection": 467, "having": 468, "trouble": 469, "deciding": 470, "tonight": 471, "charlie": 472, "chan": 473, "lodge": 474, "fact": 475, "hope": 476, "missing": 477, "sock": 478, "establishment": 479, "come": 480, "back": 481, "ya": 482, "expensively": 483, "features": 484, "menu": 485, "send": 486, "mid": 487, "popular": 488, "tnahh": 489, "pardon": 490, "require": 491, "11": 492, "business": 493, "welconme": 494, "requirement": 495, "17": 496, "restrauant": 497, "fulfill": 498, "thank-you": 499, "205": 500, "victoria": 501, "afraid": 502, "expinsive": 503, "along": 504, "time": 505, "thinking": 506, "mid-range": 507, "section": 508, "ali": 509, "baba": 510, "suits": 511, "services": 512, "towards": 513, "important": 514, "mimosa": 515, "couple": 516, "name_SLOT-": 517, "return": 518, "inquiries": 519, "crossover": 520, "looks": 521, "9": 522, "108": 523, "regent": 524, "restaraunts": 525, "whichever": 526, "better": 527, "7": 528, "absolutely": 529, "dine": 530, "59": 531, "belgian": 532, "eateries": 533, "because": 534, "special": 535, "occasion": 536, "yummy": 537, "hungry": 538, "fairly": 539, "named": 540, "regarding": 541, "goobye": 542, "fish": 543, "chips": 544, "around": 545, "convenient": 546, "suppose": 547, "sytem": 548, "following": 549, "spend": 550, "4-6": 551, "rose": 552, "crescent": 553, "24": 554, "green": 555, "taj": 556, "tandoori": 557, "mathcing": 558, "wecome": 559, "restuarants": 560, "woluld": 561, "servings": 562, "sort": 563, "restuarant": 564, "probably": 565, "moderatre": 566, "abou": 567, "290": 568, "mill": 569, "dbye": 570, "seems": 571, "servies": 572, "loated": 573, ".postcode_SLOT": 574, "recommended": 575, "increase": 576, "prezzo": 577, "area_SLOT.would": 578, "perform": 579, "alternatively": 580, "dinner": 581, "ones": 582, "shot": 583, "varying": 584, "varisty": 585, "35": 586, "sanit": 587, "third": 588, "152-154": 589, "restauarnt": 590, "choise": 591, "within": 592, "categories": 593, "toward": 594, "listing": 595, "sitar": 596, "tandoon": 597, "15": 598, "diverse": 599, "pipasha": 600, "anymore": 601, "creative": 602, "needs": 603, "resaurants": 604, "hey": 605, "appeals": 606, "currently": 607, "talking": 608, "provided": 609, "ten": 610, "therea": 611, "high": 612, "johns": 613, "chop": 614, "house": 615, "clarify": 616, "apologies": 617, "covered": 618, "eraina": 619, "wanting": 620, "offers": 621, "id": 622, "closest": 623, "ring": 624, ">": 625, "town.is": 626, "anythig": 627, "gardenia": 628, "ids": 629, "full": 630, "ant": 631, "awesome": 632, "1223": 633, "464630.": 634, "head": 635, "pricey": 636, "22": 637, "3-34": 638, "14": 639, "thing": 640, "job": 641, "hmm": 642, "resturant": 643, "fen": 644, "ditton": 645, "already": 646, "got": 647, "plus": 648, "glad": 649, "consider": 650, "medium": 651, "none": 652, "shiraz": 653, "multiple": 654, "cherry": 655, "hinton": 656, "good-bye": 657, "little": 658, "seoul": 659, "hang": 660, "up": 661, "tow": 662, "made": 663, "mistake": 664, "20": 665, "next": 666, "able": 667, "locate": 668, "ther": 669, "eastern": 670, "8": 671, "dining": 672, "experience": 673, "graffiti": 674, "atmosphere": 675, "139": 676, "singapore": 677, "singaporean": 678, "eatery": 679, "cocum": 680, "visit": 681, "bummer": 682, "reasonably": 683, "moderatly": 684, "epensive": 685, "grafton": 686, "lucky": 687, "star": 688, "..good": 689, "that'it": 690, "peking": 691}